Time, Mask, Bat, Sts1, Sts2, Seq #,T1FX,T1FY,T1FZ,T1TX,T1TY,T1TZ
2078044892,  1, 5,    10882,        0, 29182, -8832609, -958410, -11750645, -25234, 583151, -78601
2078044908,  1, 5,    10882,        0, 29183, -8817547, -957689, -11813342, -25212, 582491, -78316
2078044925,  1, 5,    10882,        0, 29184, -8823048, -945706, -11759685, -25637, 583179, -78938
2078044942,  1, 5,    10882,        0, 29185, -8823519, -954839, -11812137, -25527, 583100, -78549
2078044959,  1, 5,    10882,        0, 29186, -8826299, -946188, -11793130, -24803, 582939, -78299
2078044975,  1, 5,    10882,        0, 29187, -8831486, -966863, -11813093, -25452, 582868, -78224
2078044992,  1, 5,    10882,        0, 29188, -8831835, -958680, -11760669, -25400, 583241, -78615
2078045009,  1, 5,    10882,        0, 29189, -8840014, -954544, -11791063, -25211, 583019, -78845
2078045026,  1, 5,    10882,        0, 29190, -8825399, -954703, -11780870, -25200, 583107, -78837
2078045043,  1, 5,    10882,        0, 29191, -8824770, -954232, -11792985, -25192, 582921, -78201
2078045059,  1, 5,    10882,        0, 29192, -8805281, -942708, -11792815, -24593, 583082, -78509
2078045076,  1, 5,    10882,        0, 29193, -8840080, -963268, -11780922, -25272, 583206, -78736
2078045093,  1, 5,    10882,        0, 29194, -8830995, -958273, -11791340, -25562, 582953, -78638
2078045110,  1, 5,    10882,        0, 29195, -8831750, -950499, -11801509, -25339, 583061, -78750
2078045127,  1, 5,    10882,        0, 29196, -8819288, -976697, -11803437, -25008, 583263, -78106
2078045143,  1, 5,    10882,        0, 29197, -8818214, -949029, -11729324, -25163, 582856, -79002
2078045160,  1, 5,    10882,        0, 29198, -8824599, -961256, -11760651, -25419, 582616, -78709
2078045177,  1, 5,    10882,        0, 29199, -8825512, -953622, -11793286, -25024, 582642, -78191
2078045194,  1, 5,    10882,        0, 29200, -8817274, -943295, -11833974, -25099, 583265, -78238
2078045210,  1, 5,    10882,        0, 29201, -8831888, -943136, -11844167, -25110, 583177, -78246
2078045227,  1, 5,    10882,        0, 29202, -8815559, -949436, -11770614, -25656, 582939, -78728
2078045244,  1, 5,    10882,        0, 29203, -8831449, -934342, -11781391, -25222, 583445, -78630
2078045261,  1, 5,    10882,        0, 29204, -8810896, -945735, -11772586, -24956, 582922, -78284
2078045278,  1, 5,    10882,        0, 29205, -8826549, -928942, -11761171, -24688, 582936, -78804
2078045294,  1, 5,    10882,        0, 29206, -8819976, -960200, -11823747, -24724, 583184, -78328
2078045311,  1, 5,    10882,        0, 29207, -8838642, -954683, -11802878, -25371, 583112, -78218
2078045328,  1, 5,    10882,        0, 29208, -8819459, -949846, -11761245, -24830, 582879, -78700
2078045345,  1, 5,    10882,        0, 29209, -8824604, -928400, -11813086, -25011, 582551, -78525
2078045362,  1, 5,    10882,        0, 29210, -8817580, -958028, -11803018, -25214, 582680, -78311
2078045378,  1, 5,    10882,        0, 29211, -8816672, -932806, -11822818, -25201, 582588, -78645
2078045395,  1, 5,    10882,        0, 29212, -8847186, -959336, -11822235, -25245, 583075, -78660
2078045412,  1, 5,    10882,        0, 29213, -8804052, -958863, -11802281, -25042, 582871, -78631
2078045429,  1, 5,    10882,        0, 29214, -8830344, -934208, -11802634, -25383, 583348, -78328
2078045445,  1, 5,    10882,        0, 29215, -8832524, -950229, -11791485, -25173, 582971, -78736
2078045462,  1, 5,    10882,        0, 29216, -8825504, -938955, -11823346, -24912, 583226, -78439
2078045479,  1, 5,    10882,        0, 29217, -8825855, -946863, -11791934, -24974, 583216, -78629
2078045496,  1, 5,    10882,        0, 29218, -8824353, -937600, -11834538, -25069, 582745, -78120
2078045513,  1, 5,    10882,        0, 29219, -8818368, -958639, -11813369, -25050, 582785, -78318
2078045529,  1, 5,    10882,        0, 29220, -8816923, -966818, -11761878, -25443, 583139, -78186
2078045546,  1, 5,    10882,        0, 29221, -8811195, -945801, -11771691, -24959, 582920, -78604
2078045563,  1, 5,    10882,        0, 29222, -8803296, -958591, -11781606, -25208, 582955, -78619
2078045580,  1, 5,    10882,        0, 29223, -8830942, -942385, -11811350, -25446, 583153, -78869
2078045597,  1, 5,    10882,        0, 29224, -8824977, -970927, -11769989, -25485, 582996, -78941
2078045613,  1, 5,    10882,        0, 29225, -8801018, -941553, -11823727, -25412, 582765, -78225
2078045630,  1, 5,    10882,        0, 29226, -8818903, -940578, -11760140, -24936, 582586, -79123
2078045647,  1, 5,    10882,        0, 29227, -8832648, -933939, -11803262, -24885, 583084, -78312
2078045664,  1, 5,    10882,        0, 29228, -8825022, -953077, -11782039, -25191, 582536, -78505
2078045680,  1, 5,    10882,        0, 29229, -8834277, -943003, -11793448, -24616, 583285, -78195
2078045697,  1, 5,    10882,        0, 29230, -8825035, -945913, -11791907, -25136, 582922, -78626
2078045714,  1, 5,    10882,        0, 29231, -8825823, -946524, -11802258, -24972, 583027, -78633
2078045731,  1, 5,    10882,        0, 29232, -8810169, -955272, -11803167, -25183, 583204, -78214
2078045748,  1, 5,    10882,        0, 29233, -8794576, -962386, -11780987, -25563, 582888, -78732
2078045764,  1, 5,    10882,        0, 29234, -8816770, -933823, -11791846, -25207, 583155, -78631
2078045781,  1, 5,    10882,        0, 29235, -8823233, -947609, -11822900, -25469, 583488, -78350
2078045798,  1, 5,    10882,        0, 29236, -8823232, -939563, -11812394, -25412, 583679, -78451
2078045815,  1, 5,    10882,        0, 29237, -8825936, -964514, -11812674, -25094, 583406, -78440
2078045832,  1, 5,    10882,        0, 29238, -8797031, -939544, -11823635, -24724, 583318, -78434
2078045848,  1, 5,    10882,        0, 29239, -8837867, -946908, -11802395, -25480, 583394, -78333
2078045865,  1, 5,    10882,        0, 29240, -8815637, -931925, -11772340, -25364, 582668, -78287
2078045882,  1, 5,    10882,        0, 29241, -8822399, -945777, -11802499, -25629, 582999, -78327
2078045899,  1, 5,    10882,        0, 29242, -8824027, -946796, -11782178, -25303, 583392, -78311
2078045915,  1, 5,    10882,        0, 29243, -8825206, -938889, -11824241, -24909, 583228, -78118
2078045932,  1, 5,    10882,        0, 29244, -8840775, -953392, -11760665, -25043, 582734, -78810
2078045949,  1, 5,    10882,        0, 29245, -8832695, -943205, -11823819, -24946, 583276, -78228
2078045966,  1, 5,    10882,        0, 29246, -8846032, -941890, -11812415, -25288, 582977, -78542
2078045983,  1, 5,    10882,        0, 29247, -8825068, -954298, -11792090, -25195, 582920, -78521
2078045999,  1, 5,    10882,        0, 29248, -8819107, -933893, -11782150, -24711, 583080, -78610
2078046016,  1, 5,    10882,        0, 29249, -8831716, -942115, -11801326, -25280, 583063, -78855
2078046033,  1, 5,    10882,        0, 29250, -8823538, -954296, -11781438, -25527, 583094, -78524
2078046050,  1, 5,    10882,        0, 29251, -8823439, -937188, -11791397, -25407, 582910, -78738
2078046067,  1, 5,    10882,        0, 29252, -8815982, -933212, -11781495, -25371, 583050, -78624
2078046083,  1, 5,    10882,        0, 29253, -8824782, -947068, -11802853, -25137, 583308, -78322
2078046100,  1, 5,    10882,        0, 29254, -8818088, -958030, -11783566, -25047, 582780, -77972
2078046117,  1, 5,    10882,        0, 29255, -8809393, -947497, -11802684, -25292, 583486, -78328
2078046134,  1, 5,    10882,        0, 29256, -8824750, -946729, -11813177, -25135, 583119, -78327
2078046151,  1, 5,    10882,        0, 29257, -8802992, -959949, -11833574, -25207, 583158, -78345
2078046167,  1, 5,    10882,        0, 29258, -8823643, -938549, -11823914, -25239, 583213, -78125
2078046184,  1, 5,    10882,        0, 29259, -8825036, -953959, -11802414, -25193, 582731, -78526
2078046201,  1, 5,    10882,        0, 29260, -8825491, -938074, -11802971, -24910, 583031, -78418
2078046218,  1, 5,    10882,        0, 29261, -8824451, -946663, -11814073, -25132, 583120, -78006
2078046234,  1, 5,    10882,        0, 29262, -8809800, -955952, -11875783, -25178, 583029, -77949
2078046251,  1, 5,    10882,        0, 29263, -8816103, -942482, -11875865, -25256, 582790, -77945
2078046268,  1, 5,    10882,        0, 29264, -8823896, -937394, -11812968, -25238, 582827, -78429
2078046285,  1, 5,    10882,        0, 29265, -8818242, -958838, -11780579, -25224, 583055, -78943
2078046302,  1, 5,    10882,        0, 29266, -8832541, -933595, -11739774, -25059, 583348, -78911
2078046318,  1, 5,    10882,        0, 29267, -8815717, -941530, -11782573, -25427, 583049, -78199
2078046335,  1, 5,    10882,        0, 29268, -8831748, -934408, -11780496, -25225, 583444, -78951
2078046352,  1, 5,    10882,        0, 29269, -8832516, -916492, -11823545, -24763, 582711, -78531
2078046369,  1, 5,    10882,        0, 29270, -8832220, -951587, -11843454, -25172, 583173, -78462
2078046386,  1, 5,    10882,        0, 29271, -8817526, -942140, -11823028, -25098, 582880, -78542
2078046402,  1, 5,    10882,        0, 29272, -8831465, -951315, -11822779, -25338, 583257, -78450
2078046419,  1, 5,    10882,        0, 29273, -8839093, -948267, -11865015, -25147, 583422, -78056
2078046436,  1, 5,    10882,        0, 29274, -8825447, -972014, -11811934, -25318, 583108, -78653
2078046453,  1, 5,    10882,        0, 29275, -8809249, -937214, -11813099, -25225, 582726, -78426
2078046469,  1, 5,    10882,        0, 29276, -8816049, -949981, -11781860, -25489, 583045, -78414
2078046486,  1, 5,    10882,        0, 29277, -8824783, -955113, -11813360, -25194, 583116, -78222
2078046503,  1, 5,    10882,        0, 29278, -8804840, -959474, -11812632, -24878, 582976, -78638
2078046520,  1, 5,    10882,        0, 29279, -8809376, -964130, -11854395, -25406, 583109, -78153
2078046537,  1, 5,    10882,        0, 29280, -8824226, -929754, -11791242, -25186, 583206, -78846
2078046553,  1, 5,    10882,        0, 29281, -8802946, -958729, -11823524, -25203, 582774, -78329
2078046570,  1, 5,    10882,        0, 29282, -8839020, -964354, -11812215, -25437, 583492, -78450
2078046587,  1, 5,    10882,        0, 29283, -8817982, -934301, -11834092, -24872, 582989, -78334
2078046604,  1, 5,    10882,        0, 29284, -8831432, -950976, -11833103, -25336, 583068, -78455
2078046621,  1, 5,    10882,        0, 29285, -8831782, -950838, -11791185, -25341, 583250, -78745
2078046637,  1, 5,    10882,        0, 29286, -8839065, -938459, -11813759, -25086, 583224, -78115
2078046654,  1, 5,    10882,        0, 29287, -8823974, -938954, -11812694, -25244, 583400, -78441
2078046671,  1, 5,    10882,        0, 29288, -8817943, -958772, -11781475, -25221, 583056, -78623
2078046688,  1, 5,    10882,        0, 29289, -8825101, -954637, -11781766, -25197, 583109, -78517
2078046704,  1, 5,    10882,        0, 29290, -8810155, -954390, -11782792, -25181, 583009, -78193
2078046721,  1, 5,    10882,        0, 29291, -8830742, -951382, -11791780, -25506, 583530, -78434
2078046738,  1, 5,    10882,        0, 29292, -8833312, -950840, -11801836, -25009, 583076, -78743
2078046755,  1, 5,    10882,        0, 29293, -8837835, -954614, -11823225, -25535, 583013, -78237
2078046772,  1, 5,    10882,        0, 29294, -8804066, -967790, -11833162, -25101, 582875, -78551
2078046788,  1, 5,    10882,        0, 29295, -8808170, -970274, -11771583, -25796, 582883, -78303
2078046805,  1, 5,    10882,        0, 29296, -8831148, -959837, -11864879, -25392, 583073, -78055
2078046822,  1, 5,    10882,        0, 29297, -8816976, -951274, -11845376, -25153, 583075, -77817
2078046839,  1, 5,    10882,        0, 29298, -8831166, -951249, -11823674, -25335, 583259, -78130
2078046856,  1, 5,    10882,        0, 29299, -8838545, -953666, -11833850, -25365, 582545, -78232
2078046872,  1, 5,    10882,        0, 29300, -8816870, -958976, -11792394, -25384, 583148, -78316
2078046889,  1, 5,    10882,        0, 29301, -8809408, -956424, -11833565, -25351, 583489, -78249
2078046906,  1, 5,    10882,        0, 29302, -8807402, -945734, -11844548, -25611, 582716, -78033
2078046923,  1, 5,    10882,        0, 29303, -8823962, -946118, -11802826, -25299, 583014, -78320
2078046939,  1, 5,    10882,        0, 29304, -8811666, -954934, -11824142, -24849, 582841, -78216
2078046956,  1, 5,    10882,        0, 29305, -8824029, -962887, -11803191, -25417, 583009, -78110
2078046973,  1, 5,    10882,        0, 29306, -8817150, -959585, -11822197, -25387, 583152, -78662
2078046990,  1, 5,    10882,        0, 29307, -8840019, -953120, -11739990, -25209, 582818, -78799
2078047007,  1, 5,    10882,        0, 29308, -8817932, -973981, -11782113, -25333, 582478, -78401
2078047023,  1, 5,    10882,        0, 29309, -8801839, -942503, -11823754, -25250, 583059, -78228
2078047040,  1, 5,    10882,        0, 29310, -8817342, -968109, -11844845, -25274, 583069, -77928
2078047057,  1, 5,    10882,        0, 29311, -8816367, -957550, -11760773, -25549, 582846, -78609
2078047074,  1, 5,    10882,        0, 29312, -8817592, -950864, -11812886, -25159, 583066, -78433
2078047091,  1, 5,    10882,        0, 29313, -8810088, -937621, -11782427, -25063, 583014, -78403
2078047107,  1, 5,    10882,        0, 29314, -8810421, -954117, -11792221, -25182, 582819, -78518
2078047124,  1, 5,    10882,        0, 29315, -8808807, -953980, -11832916, -25510, 582621, -78555
2078047141,  1, 5,    10882,        0, 29316, -8815275, -958297, -11802390, -25712, 582944, -78328
2078047158,  1, 5,    10882,        0, 29317, -8831738, -965709, -11802147, -25451, 582483, -78528
2078047175,  1, 5,    10882,        0, 29318, -8818780, -984740, -11833396, -25232, 582971, -78345
2078047191,  1, 5,    10882,        0, 29319, -8825082, -955179, -11812464, -25197, 583115, -78542
2078047208,  1, 5,    10882,        0, 29320, -8825242, -982435, -11843437, -25380, 583686, -78265
2078047225,  1, 5,    10882,        0, 29321, -8833677, -959629, -11790799, -25073, 583261, -78954
2078047242,  1, 5,    10882,        0, 29322, -8809362, -955203, -11823514, -25347, 583105, -78232
2078047258,  1, 5,    10882,        0, 29323, -8817991, -976083, -11812538, -25339, 583057, -78438
2078047275,  1, 5,    10882,        0, 29324, -8845727, -966634, -11750369, -25636, 583235, -78506
2078047292,  1, 5,    10882,        0, 29325, -8816049, -949981, -11781860, -25489, 583045, -78414
2078047309,  1, 5,    10882,        0, 29326, -8831894, -941712, -11793094, -25108, 582976, -78200
2078047326,  1, 5,    10882,        0, 29327, -8824547, -961459, -11801674, -25417, 582433, -78739
2078047342,  1, 5,    10882,        0, 29328, -8830597, -941099, -11802195, -25439, 582771, -78532
2078047359,  1, 5,    10882,        0, 29329, -8832274, -967474, -11823444, -25288, 582973, -78231
2078047376,  1, 5,    10882,        0, 29330, -8801415, -950682, -11802366, -25478, 583139, -78432
2078047393,  1, 5,    10882,        0, 29331, -8817612, -958367, -11792694, -25216, 582869, -78307
2078047410,  1, 5,    10882,        0, 29332, -8808860, -961822, -11802400, -25569, 582612, -78424
2078047426,  1, 5,    10882,        0, 29333, -8824327, -962953, -11802296, -25420, 583007, -78430
2078047443,  1, 5,    10882,        0, 29334, -8817607, -959791, -11843767, -25218, 583070, -78353
2078047460,  1, 5,    10882,        0, 29335, -8816347, -950047, -11780965, -25492, 583044, -78735
2078047477,  1, 5,    10882,        0, 29336, -8823785, -954566, -11821565, -25528, 582909, -78874
2078047493,  1, 5,    10882,        0, 29337, -8819917, -958098, -11793322, -24718, 582605, -78290
2078047510,  1, 5,    10882,        0, 29338, -8804057, -957439, -11751208, -25040, 582670, -78584
2078047527,  1, 5,    10882,        0, 29339, -8809348, -954322, -11803140, -25345, 582910, -78211
2078047544,  1, 5,    10882,        0, 29340, -8823539, -962342, -11791945, -25584, 582902, -78423
2078047561,  1, 5,    10882,        0, 29341, -8825069, -962343, -11802596, -25252, 582728, -78421
2078047577,  1, 5,    10882,        0, 29342, -8818387, -958096, -11782671, -25050, 582779, -78293
2078047594,  1, 5,    10882,        0, 29343, -8820282, -974933, -11792792, -24839, 582598, -78401
2078047611,  1, 5,    10882,        0, 29344, -8830964, -965979, -11812171, -25617, 582573, -78542
2078047628,  1, 5,    10882,        0, 29345, -8825871, -963836, -11833322, -25090, 583028, -78449
2078047645,  1, 5,    10882,        0, 29346, -8817975, -951065, -11760644, -25166, 583437, -78719
2078047661,  1, 5,    10882,        0, 29347, -8810601, -988876, -11803001, -25422, 583193, -78114
2078047678,  1, 5,    10882,        0, 29348, -8816363, -967019, -11822352, -25608, 582856, -78555
2078047695,  1, 5,    10882,        0, 29349, -8834406, -966184, -11781232, -24960, 582595, -78823
2078047712,  1, 5,    10882,        0, 29350, -8833060, -951994, -11812782, -25010, 583461, -78439
2078047728,  1, 5,    10882,        0, 29351, -8826137, -963563, -11842750, -25091, 582838, -78774
2078047745,  1, 5,    10882,        0, 29352, -8825101, -954637, -11781766, -25197, 583109, -78517
2078047762,  1, 5,    10882,        0, 29353, -8830691, -959631, -11843309, -25561, 583156, -78364
2078047779,  1, 5,    10882,        0, 29354, -8809661, -963315, -11833125, -25407, 582912, -78452
2078047796,  1, 5,    10882,        0, 29355, -8810071, -954255, -11834139, -25177, 582637, -78227
2078047812,  1, 5,    10882,        0, 29356, -8803277, -959134, -11812304, -25208, 582961, -78645
2078047829,  1, 5,    10882,        0, 29357, -8825097, -972152, -11853852, -25313, 582927, -78362
2078047846,  1, 5,    10882,        0, 29358, -8825904, -972220, -11833504, -25149, 583026, -78344
2078047863,  1, 5,    10882,        0, 29359, -8816044, -959450, -11843440, -25548, 583055, -78360
2078047880,  1, 5,    10882,        0, 29360, -8831752, -966590, -11822522, -25453, 582678, -78549
2078047896,  1, 5,    10882,        0, 29361, -8811508, -954794, -11801676, -25021, 582922, -78845
2078047913,  1, 5,    10882,        0, 29362, -8831850, -975653, -11802056, -25516, 583053, -78435
2078047930,  1, 5,    10882,        0, 29363, -8806568, -954927, -11811640, -26012, 583263, -78562
2078047947,  1, 5,    10882,        0, 29364, -8824764, -955656, -11844058, -25194, 583122, -78247
2078047963,  1, 5,    10882,        0, 29365, -8819289, -984742, -11813944, -25065, 583071, -78006
2078047980,  1, 5,    10882,        0, 29366, -8831102, -958616, -11854829, -25388, 582689, -78038
2078047997,  1, 5,    10882,        0, 29367, -8822347, -937935, -11833015, -25570, 583007, -78457
2078048014,  1, 5,    10882,        0, 29368, -8816364, -975065, -11832859, -25665, 582664, -78454
2078048031,  1, 5,    10882,        0, 29369, -8809818, -947364, -11834578, -25121, 583214, -78024
2078048047,  1, 5,    10882,        0, 29370, -8824361, -971337, -11802478, -25479, 583005, -78325
2078048064,  1, 5,    10882,        0, 29371, -8825606, -972154, -11834400, -25146, 583027, -78023
2078048081,  1, 5,    10882,        0, 29372, -8809030, -946753, -11824227, -25285, 583109, -78017
2078048098,  1, 5,    10882,        0, 29373, -8823871, -970792, -11791232, -25646, 582898, -78639
2078048115,  1, 5,    10882,        0, 29374, -8825419, -962206, -11760678, -25257, 582910, -78711
2078048131,  1, 5,    10882,        0, 29375, -8809713, -963111, -11792103, -25409, 583095, -78422
2078048148,  1, 5,    10882,        0, 29376, -8833060, -951994, -11812782, -25010, 583461, -78439
2078048165,  1, 5,    10882,        0, 29377, -8816533, -951950, -11844180, -25324, 583353, -78147
2078048182,  1, 5,    10882,        0, 29378, -8810515, -972649, -11833335, -25304, 583204, -78350
2078048199,  1, 5,    10882,        0, 29379, -8816567, -968380, -11854869, -25440, 583159, -77942
2078048215,  1, 5,    10882,        0, 29380, -8831481, -976333, -11874673, -25511, 582878, -78170
2078048232,  1, 5,    10882,        0, 29381, -8844604, -975088, -11812817, -25854, 582952, -78129
2078048249,  1, 5,    10882,        0, 29382, -8816553, -959453, -11823988, -25381, 583155, -78021
2078048266,  1, 5,    10882,        0, 29383, -8818652, -949778, -11781593, -24994, 582780, -78718
2078048282,  1, 5,    10882,        0, 29384, -8816488, -958775, -11844636, -25377, 582777, -78030
2078048299,  1, 5,    10882,        0, 29385, -8816905, -975406, -11803083, -25500, 582954, -78111
2078048316,  1, 5,    10882,        0, 29386, -8811176, -946344, -11802389, -24959, 582926, -78630
2078048333,  1, 5,    10882,        0, 29387, -8823187, -946388, -11812850, -25465, 583104, -78334
2078048350,  1, 5,    10882,        0, 29388, -8848377, -975697, -11770659, -25202, 583162, -78726
2078048366,  1, 5,    10882,        0, 29389, -8833378, -959563, -11791695, -25070, 583262, -78633
2078048383,  1, 5,    10882,        0, 29390, -8816031, -958569, -11823065, -25546, 582860, -78339
2078048400,  1, 5,    10882,        0, 29391, -8827703, -946388, -11770992, -24645, 583035, -78921
2078048417,  1, 5,    10882,        0, 29392, -8825167, -963360, -11771624, -25258, 583295, -78407
2078048434,  1, 5,    10882,        0, 29393, -8824466, -955590, -11844954, -25191, 583124, -77927
2078048450,  1, 5,    10882,        0, 29394, -8818447, -968244, -11823602, -25113, 583166, -78230
2078048467,  1, 5,    10882,        0, 29395, -8818334, -950254, -11813187, -24991, 582787, -78423
2078048484,  1, 5,    10882,        0, 29396, -8813362, -950048, -11833474, -25980, 582939, -78145
2078048501,  1, 5,    10882,        0, 29397, -8823346, -946528, -11835316, -25293, 583023, -77704
2078048517,  1, 5,    10882,        0, 29398, -8801396, -951224, -11833064, -25478, 583145, -78457
2078048534,  1, 5,    10882,        0, 29399, -8802993, -967995, -11844081, -25264, 582966, -78245
2078048551,  1, 5,    10882,        0, 29400, -8795458, -962459, -11834452, -25223, 582534, -78119
2078048568,  1, 5,    10882,        0, 29401, -8815291, -975269, -11843778, -25828, 582756, -78148
2078048585,  1, 5,    10882,        0, 29402, -8830663, -949822, -11792053, -25500, 582957, -78422
2078048601,  1, 5,    10882,        0, 29403, -8817361, -967567, -11814147, -25274, 583063, -77902
2078048618,  1, 5,    10882,        0, 29404, -8825103, -970728, -11802779, -25311, 582726, -78316
2078048635,  1, 5,    10882,        0, 29405, -8817313, -950255, -11783083, -25156, 583062, -78087
2078048652,  1, 5,    10882,        0, 29406, -8817188, -958500, -11760800, -25387, 583140, -78611
2078048669,  1, 5,    10882,        0, 29407, -8811651, -937962, -11782755, -24733, 583029, -78396
2078048685,  1, 5,    10882,        0, 29408, -8832544, -957732, -11771293, -25230, 582773, -78610
2078048702,  1, 5,    10882,        0, 29409, -8816792, -957417, -11792667, -25378, 582575, -78304
2078048719,  1, 5,    10882,        0, 29410, -8825525, -954504, -11813660, -25026, 582837, -78212
2078048736,  1, 5,    10882,        0, 29411, -8809601, -953167, -11792194, -25344, 582525, -78515
2078048752,  1, 5,    10882,        0, 29412, -8826366, -962957, -11793495, -24921, 582934, -78089
2078048769,  1, 5,    10882,        0, 29413, -8824227, -937799, -11801748, -25243, 583015, -78745
2078048786,  1, 5,    10882,        0, 29414, -8818387, -958096, -11782671, -25050, 582779, -78293
2078048803,  1, 5,    10882,        0, 29415, -8814923, -942343, -11823295, -25593, 583145, -78238
2078048820,  1, 5,    10882,        0, 29416, -8818068, -950527, -11803758, -24990, 582978, -78098
2078048836,  1, 5,    10882,        0, 29417, -8808812, -944511, -11771336, -25451, 582611, -78609
2078048853,  1, 5,    10882,        0, 29418, -8809665, -945800, -11761039, -25291, 583094, -78607
2078048870,  1, 5,    10882,        0, 29419, -8840065, -954341, -11750041, -25213, 583202, -78815
2078048887,  1, 5,    10882,        0, 29420, -8817896, -949506, -11760918, -25160, 582864, -78707
2078048904,  1, 5,    10882,        0, 29421, -8813090, -962638, -11781812, -24748, 582740, -78712
2078048920,  1, 5,    10882,        0, 29422, -8847271, -967517, -11781395, -25306, 583256, -78525
2078048937,  1, 5,    10882,        0, 29423, -8816904, -967361, -11792576, -25443, 583145, -78211
2078048954,  1, 5,    10882,        0, 29424, -8826221, -963698, -11791404, -25095, 583210, -78739
2078048971,  1, 5,    10882,        0, 29425, -8808812, -944511, -11771336, -25451, 582611, -78609
2078048987,  1, 5,    10882,        0, 29426, -8817911, -958433, -11791799, -25219, 582867, -78627
2078049004,  1, 5,    10882,        0, 29427, -8839496, -964017, -11803087, -25268, 583404, -78116
2078049021,  1, 5,    10882,        0, 29428, -8823380, -962958, -11846005, -25409, 582829, -77499
2078049038,  1, 5,    10882,        0, 29429, -8816097, -967292, -11812924, -25607, 583046, -78230
2078049055,  1, 5,    10882,        0, 29430, -8830730, -966591, -11792418, -25618, 582952, -78212
2078049071,  1, 5,    10882,        0, 29431, -8817626, -959248, -11813069, -25218, 583064, -78328
2078049088,  1, 5,    10882,        0, 29432, -8818433, -959317, -11792721, -25054, 583163, -78309
2078049105,  1, 5,    10882,        0, 29433, -8825070, -970389, -11813103, -25309, 582537, -78320
2078049122,  1, 5,    10882,        0, 29434, -8824464, -939499, -11823941, -25077, 583507, -78128
2078049139,  1, 5,    10882,        0, 29435, -8816884, -959858, -11812768, -25386, 583343, -78337
2078049155,  1, 5,    10882,        0, 29436, -8810990, -964267, -11813700, -25078, 583307, -78116
2078049172,  1, 5,    10882,        0, 29437, -8810059, -980489, -11822271, -25530, 583095, -78558
2078049189,  1, 5,    10882,        0, 29438, -8826287, -972422, -11781262, -25156, 583396, -78630
2078049206,  1, 5,    10882,        0, 29439, -8825187, -970863, -11751432, -25315, 583098, -78281
2078049223,  1, 5,    10882,        0, 29440, -8832274, -967474, -11823444, -25288, 582973, -78231
2078049239,  1, 5,    10882,        0, 29441, -8822539, -946460, -11855663, -25457, 582924, -77723
2078049256,  1, 5,    10882,        0, 29442, -8831784, -966929, -11812198, -25455, 582867, -78544
2078049273,  1, 5,    10882,        0, 29443, -8810216, -964538, -11823724, -25244, 583397, -78130
2078049290,  1, 5,    10882,        0, 29444, -8809632, -945461, -11771363, -25289, 582905, -78611
2078049306,  1, 5,    10882,        0, 29445, -8810877, -946278, -11803285, -24956, 582928, -78309
2078049323,  1, 5,    10882,        0, 29446, -8814971, -959655, -11854359, -25711, 583146, -78054
2078049340,  1, 5,    10882,        0, 29447, -8810151, -963860, -11844372, -25240, 583019, -78139
2078049357,  1, 5,    10882,        0, 29448, -8816098, -975338, -11823430, -25664, 582855, -78129
2078049374,  1, 5,    10882,        0, 29449, -8795537, -972064, -11844685, -25286, 582915, -78030
2078049390,  1, 5,    10882,        0, 29450, -8801542, -958528, -11845662, -25361, 582678, -77706
2078049407,  1, 5,    10882,        0, 29451, -8818751, -966886, -11771634, -25114, 582964, -78504
2078049424,  1, 5,    10882,        0, 29452, -8803331, -975021, -11792295, -25324, 582761, -78414
2078049441,  1, 5,    10882,        0, 29453, -8800329, -950005, -11792910, -25639, 583036, -78104
2078049458,  1, 5,    10882,        0, 29454, -8811673, -980626, -11781576, -25202, 583293, -78521
2078049474,  1, 5,    10882,        0, 29455, -8818115, -959793, -11824315, -25051, 583170, -78014
2078049491,  1, 5,    10882,        0, 29456, -8819904, -976286, -11770948, -25014, 583254, -78722
2078049508,  1, 5,    10882,        0, 29457, -8817989, -959992, -11791525, -25225, 583440, -78639
2078049525,  1, 5,    10882,        0, 29458, -8810804, -954319, -11739979, -25189, 583189, -78804
2078049541,  1, 5,    10882,        0, 29459, -8816064, -966953, -11823248, -25605, 582857, -78234
2078049558,  1, 5,    10882,        0, 29460, -8817658, -959587, -11802745, -25220, 583253, -78323
2078049575,  1, 5,    10882,        0, 29461, -8818686, -966208, -11792282, -25110, 582586, -78513
2078049592,  1, 5,    10882,        0, 29462, -8838300, -988557, -11812736, -25776, 583191, -78133
2078049609,  1, 5,    10882,        0, 29463, -8810501, -963722, -11802454, -25245, 583200, -78429
2078049625,  1, 5,    10882,        0, 29464, -8824342, -971880, -11833177, -25479, 583011, -78351
2078049642,  1, 5,    10882,        0, 29465, -8834220, -976062, -11782036, -25022, 583167, -78409
2078049659,  1, 5,    10882,        0, 29466, -8830744, -967473, -11812793, -25620, 583147, -78233
2078049676,  1, 5,    10882,        0, 29467, -8831471, -957936, -11782212, -25393, 582865, -78303
2078049693,  1, 5,    10882,        0, 29468, -8819621, -993193, -11813231, -25127, 583067, -78221
2078049709,  1, 5,    10882,        0, 29469, -8816759, -957078, -11802991, -25376, 582386, -78309
2078049726,  1, 5,    10882,        0, 29470, -8839431, -963339, -11823735, -25264, 583026, -78125
2078049743,  1, 5,    10882,        0, 29471, -8809780, -979880, -11792468, -25527, 583090, -78212
2078049760,  1, 5,    10882,        0, 29472, -8816082, -958365, -11782043, -25548, 583043, -78309
2078049776,  1, 5,    10882,        0, 29473, -8817626, -959248, -11813069, -25218, 583064, -78328
2078049793,  1, 5,    10882,        0, 29474, -8823976, -955045, -11833707, -25358, 583017, -78240
2078049810,  1, 5,    10882,        0, 29475, -8824075, -964107, -11813242, -25421, 583393, -78126
2078049827,  1, 5,    10882,        0, 29476, -8824359, -955246, -11781465, -25365, 583388, -78526
2078049844,  1, 5,    10882,        0, 29477, -8816837, -950592, -11792211, -25325, 583150, -78421
2078049860,  1, 5,    10882,        0, 29478, -8837094, -963269, -11833431, -25760, 583101, -78146
2078049877,  1, 5,    10882,        0, 29479, -8824412, -971134, -11761456, -25481, 583188, -78295
2078049894,  1, 5,    10882,        0, 29480, -8824733, -963362, -11864889, -25249, 582742, -78151
2078049911,  1, 5,    10882,        0, 29481, -8816869, -950931, -11781887, -25327, 583339, -78417
2078049928,  1, 5,    10882,        0, 29482, -8830439, -960785, -11854255, -25562, 583541, -78060
2078049944,  1, 5,    10882,        0, 29483, -8816871, -967022, -11802900, -25441, 582956, -78216
2078049961,  1, 5,    10882,        0, 29484, -8831849, -967607, -11791550, -25459, 583245, -78535
2078049978,  1, 5,    10882,        0, 29485, -8840887, -963336, -11760574, -25108, 583305, -78717
2078049995,  1, 5,    10882,        0, 29486, -8831029, -966657, -11791523, -25621, 582951, -78533
2078050011,  1, 5,    10882,        0, 29487, -8832018, -944492, -11802871, -25118, 583933, -78228
2078050028,  1, 5,    10882,        0, 29488, -8832069, -985940, -11865454, -25407, 583360, -77742
2078050045,  1, 5,    10882,        0, 29489, -8831499, -967745, -11833468, -25454, 583063, -78245
2078050062,  1, 5,    10882,        0, 29490, -8824882, -964176, -11792894, -25257, 583492, -78108
2078050079,  1, 5,    10882,        0, 29491, -8825206, -938889, -11824241, -24909, 583228, -78118
2078050095,  1, 5,    10882,        0, 29492, -8823268, -964039, -11833589, -25585, 583294, -78145
2078050112,  1, 5,    10882,        0, 29493, -8832338, -960107, -11792290, -25235, 583543, -78322
2078050129,  1, 5,    10882,        0, 29494, -8840284, -964628, -11813438, -25104, 583509, -78123
2078050146,  1, 5,    10882,        0, 29495, -8834133, -951790, -11801863, -24847, 583370, -78745
2078050163,  1, 5,    10882,        0, 29496, -8838909, -962455, -11822813, -25429, 582730, -78443
2078050179,  1, 5,    10882,        0, 29497, -8831552, -975587, -11802952, -25513, 583055, -78114
2078050196,  1, 5,    10882,        0, 29498, -8829937, -967404, -11833140, -25784, 583048, -78252
2078050213,  1, 5,    10882,        0, 29499, -8825923, -971678, -11802806, -25149, 583020, -78318
2078050230,  1, 5,    10882,        0, 29500, -8832637, -968218, -11801901, -25295, 583350, -78542
2078050247,  1, 5,    10882,        0, 29501, -8840928, -974026, -11832204, -25171, 583698, -78680
2078050263,  1, 5,    10882,        0, 29502, -8818462, -977171, -11854483, -25172, 583170, -78150
2078050280,  1, 5,    10882,        0, 29503, -8832260, -966593, -11803070, -25286, 582778, -78210
2078050297,  1, 5,    10882,        0, 29504, -8830253, -958882, -11791040, -25730, 583232, -78647
2078050314,  1, 5,    10882,        0, 29505, -8822859, -981144, -11843082, -25872, 583377, -78269
2078050330,  1, 5,    10882,        0, 29506, -8816885, -967903, -11823275, -25443, 583151, -78237
2078050347,  1, 5,    10882,        0, 29507, -8833378, -959563, -11791695, -25070, 583262, -78633
2078050364,  1, 5,    10882,        0, 29508, -8849237, -952176, -11823303, -24691, 583388, -78440
2078050381,  1, 5,    10882,        0, 29509, -8830286, -959221, -11780716, -25732, 583421, -78643
2078050398,  1, 5,    10882,        0, 29510, -8832606, -975925, -11822731, -25350, 582969, -78446
2078050414,  1, 5,    10882,        0, 29511, -8838670, -964491, -11854133, -25432, 583311, -78160
2078050431,  1, 5,    10882,        0, 29512, -8839777, -972671, -11843397, -25328, 583217, -78361
2078050448,  1, 5,    10882,        0, 29513, -8803814, -968945, -11844108, -25102, 583260, -78247
2078050465,  1, 5,    10882,        0, 29514, -8823729, -954775, -11793580, -25357, 583202, -77890
2078050482,  1, 5,    10882,        0, 29515, -8810957, -955883, -11813518, -25019, 583309, -78221
2078050498,  1, 5,    10882,        0, 29516, -8825135, -971067, -11792455, -25313, 582915, -78311
2078050515,  1, 5,    10882,        0, 29517, -8839762, -963744, -11812516, -25269, 583213, -78441
2078050532,  1, 5,    10882,        0, 29518, -8831180, -952130, -11844049, -25337, 583454, -78151
2078050549,  1, 5,    10882,        0, 29519, -8840080, -963268, -11780922, -25272, 583206, -78736
2078050565,  1, 5,    10882,        0, 29520, -8824751, -954774, -11823684, -25192, 582927, -78226
2078050582,  1, 5,    10882,        0, 29521, -8846178, -960219, -11812506, -25412, 583545, -78344
2078050599,  1, 5,    10882,        0, 29522, -8817107, -960676, -11814586, -25218, 583640, -77699
2078050616,  1, 5,    10882,        0, 29523, -8837947, -964558, -11823134, -25600, 583584, -78144
2078050633,  1, 5,    10882,        0, 29524, -8846463, -959403, -11791236, -25413, 583348, -78644
2078050649,  1, 5,    10882,        0, 29525, -8823690, -947815, -11844471, -25300, 583405, -78041
2078050666,  1, 5,    10882,        0, 29526, -8829856, -949754, -11812401, -25664, 582858, -78441
2078050683,  1, 5,    10882,        0, 29527, -8839861, -972807, -11792050, -25332, 583589, -78327
2078050700,  1, 5,    10882,        0, 29528, -8831927, -950097, -11793276, -25167, 582974, -78095
2078050717,  1, 5,    10882,        0, 29529, -8833981, -978098, -11813357, -25025, 583748, -78126
2078050733,  1, 5,    10882,        0, 29530, -8839078, -939340, -11834134, -25088, 583419, -78136
2078050750,  1, 5,    10882,        0, 29531, -8812129, -972786, -11792640, -24976, 583402, -78313
2078050767,  1, 5,    10882,        0, 29532, -8825148, -963903, -11802323, -25258, 583301, -78433
2078050784,  1, 5,    10882,        0, 29533, -8817122, -949776, -11770941, -25326, 582954, -78721
2078050800,  1, 5,    10882,        0, 29534, -8818366, -942548, -11792356, -24936, 583168, -78519
2078050817,  1, 5,    10882,        0, 29535, -8825969, -972898, -11812856, -25153, 583404, -78335
2078050834,  1, 5,    10882,        0, 29536, -8816585, -959792, -11813664, -25383, 583344, -78017
2078050851,  1, 5,    10882,        0, 29537, -8824498, -955929, -11834630, -25193, 583313, -77922
2078050868,  1, 5,    10882,        0, 29538, -8831087, -941644, -11813441, -25272, 582877, -78218
2078050884,  1, 5,    10882,        0, 29539, -8826176, -970523, -11791860, -25148, 582634, -78622
2078050901,  1, 5,    10882,        0, 29540, -8824801, -946525, -11772155, -25137, 583302, -78297
2078050918,  1, 5,    10882,        0, 29541, -8837412, -962793, -11801837, -25763, 583093, -78441
2078050935,  1, 5,    10882,        0, 29542, -8831751, -958545, -11812015, -25396, 582869, -78649
2078050952,  1, 5,    10882,        0, 29543, -8841343, -955497, -11771638, -24882, 583414, -78509
2078050968,  1, 5,    10882,        0, 29544, -8822049, -945915, -11844417, -25624, 582817, -78036
2078050985,  1, 5,    10882,        0, 29545, -8845849, -975905, -11844739, -25521, 582974, -77827
2078051002,  1, 5,    10882,        0, 29546, -8818024, -976422, -11802214, -25341, 583246, -78434
2078051019,  1, 5,    10882,        0, 29547, -8824738, -972963, -11801309, -25488, 583576, -78658
2078051035,  1, 5,    10882,        0, 29548, -8831955, -959905, -11844532, -25228, 583172, -78036
2078051052,  1, 5,    10882,        0, 29549, -8831850, -975653, -11802056, -25516, 583053, -78435
2078051069,  1, 5,    10882,        0, 29550, -8825148, -963903, -11802323, -25258, 583301, -78433
2078051086,  1, 5,    10882,        0, 29551, -8817222, -974930, -11771489, -25503, 582946, -78406
2078051103,  1, 5,    10882,        0, 29552, -8815744, -943293, -11823322, -25431, 583439, -78241
2078051119,  1, 5,    10882,        0, 29553, -8822950, -964515, -11865183, -25582, 583301, -77850
2078051136,  1, 5,    10882,        0, 29554, -8829638, -967338, -11834036, -25781, 583050, -77931
2078051153,  1, 5,    10882,        0, 29555, -8824659, -971403, -11801583, -25482, 583003, -78646
2078051170,  1, 5,    10882,        0, 29556, -8810435, -954999, -11812595, -25184, 583014, -78539
2078051187,  1, 5,    10882,        0, 29557, -8831014, -957730, -11760642, -25562, 582947, -78612
2078051203,  1, 5,    10882,        0, 29558, -8832630, -942527, -11844467, -24942, 582898, -78237
2078051220,  1, 5,    10882,        0, 29559, -8831750, -950499, -11801509, -25339, 583061, -78750
2078051237,  1, 5,    10882,        0, 29560, -8821545, -936443, -11802289, -25732, 582707, -78429
2078051254,  1, 5,    10882,        0, 29561, -8824009, -955384, -11823383, -25360, 583206, -78236
2078051271,  1, 5,    10882,        0, 29562, -8833081, -967543, -11803097, -25124, 583072, -78212
2078051287,  1, 5,    10882,        0, 29563, -8816063, -958908, -11812741, -25548, 583049, -78335
2078051304,  1, 5,    10882,        0, 29564, -8823571, -954635, -11771114, -25529, 583283, -78519
2078051321,  1, 5,    10882,        0, 29565, -8840204, -946978, -11792699, -24984, 583319, -78312
2078051338,  1, 5,    10882,        0, 29566, -8817658, -959587, -11802745, -25220, 583253, -78323
2078051354,  1, 5,    10882,        0, 29567, -8832258, -950502, -11782057, -25172, 583161, -78411
2078051371,  1, 5,    10882,        0, 29568, -8846603, -968131, -11854907, -25298, 583082, -77939
2078051388,  1, 5,    10882,        0, 29569, -8852149, -938299, -11813301, -25429, 583310, -78125
2078051405,  1, 5,    10882,        0, 29570, -8839683, -954139, -11802283, -25206, 582832, -78529
2078051422,  1, 5,    10882,        0, 29571, -8824133, -939094, -11835160, -25072, 583319, -77812
2078051438,  1, 5,    10882,        0, 29572, -8837900, -955292, -11802577, -25539, 583391, -78228
2078051455,  1, 5,    10882,        0, 29573, -8831505, -966321, -11782395, -25452, 582862, -78198
2078051472,  1, 5,    10882,        0, 29574, -8838357, -955498, -11824148, -25370, 583309, -77919
2078051489,  1, 5,    10882,        0, 29575, -8818355, -965803, -11803501, -25105, 582398, -78197
2078051506,  1, 5,    10882,        0, 29576, -8829624, -958411, -11803155, -25722, 583046, -78011
2078051522,  1, 5,    10882,        0, 29577, -8825069, -962343, -11802596, -25252, 582728, -78421
2078051539,  1, 5,    10882,        0, 29578, -8839397, -946909, -11813046, -25148, 583220, -78330
2078051556,  1, 5,    10882,        0, 29579, -8810202, -963656, -11803349, -25242, 583202, -78109
2078051573,  1, 5,    10882,        0, 29580, -8824041, -955723, -11813059, -25362, 583395, -78231
2078051589,  1, 5,    10882,        0, 29581, -8803827, -950756, -11866482, -24806, 582611, -77816
2078051606,  1, 5,    10882,        0, 29582, -8846967, -968875, -11833364, -25305, 583458, -78251
2078051623,  1, 5,    10882,        0, 29583, -8832273, -959429, -11812938, -25231, 583165, -78331
2078051640,  1, 5,    10882,        0, 29584, -8825101, -954637, -11781766, -25197, 583109, -78517
2078051657,  1, 5,    10882,        0, 29585, -8839054, -972738, -11812398, -25496, 583490, -78345
2078051673,  1, 5,    10882,        0, 29586, -8817989, -959992, -11791525, -25225, 583440, -78639
2078051690,  1, 5,    10882,        0, 29587, -8825117, -979655, -11833660, -25370, 582729, -78236
2078051707,  1, 5,    10882,        0, 29588, -8830849, -951725, -11855268, -25332, 583266, -77835
2078051724,  1, 5,    10882,        0, 29589, -8809851, -955748, -11834761, -25180, 583212, -77919
2078051741,  1, 5,    10882,        0, 29590, -8824781, -939022, -11792347, -25080, 583499, -78423
2078051757,  1, 5,    10882,        0, 29591, -8831625, -967546, -11866258, -25280, 582793, -77620
2078051774,  1, 5,    10882,        0, 29592, -8824450, -938617, -11803566, -25075, 583312, -78107
2078051791,  1, 5,    10882,        0, 29593, -8824029, -962887, -11803191, -25417, 583009, -78110
2078051808,  1, 5,    10882,        0, 29594, -8832543, -949686, -11760787, -25173, 582965, -78710
2078051824,  1, 5,    10882,        0, 29595, -8811228, -954186, -11771873, -25018, 582918, -78499
2078051841,  1, 5,    10882,        0, 29596, -8819460, -957892, -11771752, -24887, 582687, -78599
2078051858,  1, 5,    10882,        0, 29597, -8827380, -979720, -11750151, -25050, 583107, -78810
2078051875,  1, 5,    10882,        0, 29598, -8810124, -962097, -11803623, -25236, 582629, -78097
2078051892,  1, 5,    10882,        0, 29599, -8811197, -961892, -11792704, -25073, 582537, -78403
2078051908,  1, 5,    10882,        0, 29600, -8824783, -955113, -11813360, -25194, 583116, -78222
2078051925,  1, 5,    10882,        0, 29601, -8817262, -958504, -11834612, -25211, 582687, -78016
2078051942,  1, 5,    10882,        0, 29602, -8837114, -970772, -11813239, -25817, 582903, -78020
2078051959,  1, 5,    10882,        0, 29603, -8831922, -951521, -11844349, -25169, 583175, -78141
2078051976,  1, 5,    10882,        0, 29604, -8824467, -963635, -11855460, -25248, 582932, -77826
2078051992,  1, 5,    10882,        0, 29605, -8825493, -954165, -11823984, -25024, 582648, -78217
2078052009,  1, 5,    10882,        0, 29606, -8832676, -943747, -11854518, -24946, 583282, -78253
2078052026,  1, 5,    10882,        0, 29607, -8819155, -951204, -11813214, -24829, 583081, -78426
2078052043,  1, 5,    10882,        0, 29608, -8833139, -942529, -11825015, -24775, 582999, -77898
2078052059,  1, 5,    10882,        0, 29609, -8837770, -953936, -11843873, -25531, 582635, -78246
2078052076,  1, 5,    10882,        0, 29610, -8828883, -967066, -11813361, -25947, 583134, -77920
2078052093,  1, 5,    10882,        0, 29611, -8825720, -978363, -11780796, -25374, 582525, -78831
2078052110,  1, 5,    10882,        0, 29612, -8829875, -949211, -11781702, -25664, 582852, -78415
2078052127,  1, 5,    10882,        0, 29613, -8846164, -959337, -11792132, -25410, 583350, -78323
2078052143,  1, 5,    10882,        0, 29614, -8837883, -971926, -11854289, -25653, 583014, -78052
2078052160,  1, 5,    10882,        0, 29615, -8817978, -975202, -11792164, -25337, 582862, -78417
2078052177,  1, 5,    10882,        0, 29616, -8838992, -954545, -11760960, -25376, 583294, -78509
2078052194,  1, 5,    10882,        0, 29617, -8818718, -958501, -11771451, -25055, 582966, -78609
2078052211,  1, 5,    10882,        0, 29618, -8811389, -989487, -11813352, -25258, 583298, -78121
2078052227,  1, 5,    10882,        0, 29619, -8832136, -982883, -11791293, -25574, 582665, -78634
2078052244,  1, 5,    10882,        0, 29620, -8847742, -976650, -11833847, -25196, 583177, -78136
2078052261,  1, 5,    10882,        0, 29621, -8825419, -962206, -11760678, -25257, 582910, -78711
2078052278,  1, 5,    10882,        0, 29622, -8822651, -936577, -11781046, -25571, 582805, -78731
2078052295,  1, 5,    10882,        0, 29623, -8823538, -954296, -11781438, -25527, 583094, -78524
2078052311,  1, 5,    10882,        0, 29624, -8825386, -953821, -11760496, -25198, 582912, -78816
2078052328,  1, 5,    10882,        0, 29625, -8818102, -958912, -11803941, -25049, 582975, -77993
2078052345,  1, 5,    10882,        0, 29626, -8817930, -957890, -11761100, -25219, 582861, -78602
2078052362,  1, 5,    10882,        0, 29627, -8839259, -962318, -11780895, -25434, 582912, -78733
2078052378,  1, 5,    10882,        0, 29628, -8825102, -962682, -11792272, -25254, 582917, -78416
2078052395,  1, 5,    10882,        0, 29629, -8816745, -967221, -11770110, -25615, 583226, -78841
2078052412,  1, 5,    10882,        0, 29630, -8852281, -955746, -11793018, -25551, 583683, -77906
2078052429,  1, 5,    10882,        0, 29631, -8832969, -957599, -11803188, -25059, 582502, -78305
2078052446,  1, 5,    10882,        0, 29632, -8831121, -958074, -11824130, -25388, 582683, -78013
2078052462,  1, 5,    10882,        0, 29633, -8823114, -954429, -11749544, -25698, 583365, -78828
2078052479,  1, 5,    10882,        0, 29634, -8824704, -945508, -11803127, -25131, 582735, -78310
2078052496,  1, 5,    10882,        0, 29635, -8824379, -962749, -11761273, -25422, 583190, -78400
2078052513,  1, 5,    10882,        0, 29636, -8811242, -955067, -11792248, -25020, 583113, -78520
2078052530,  1, 5,    10882,        0, 29637, -8818652, -949778, -11781593, -24994, 582780, -78718
2078052546,  1, 5,    10882,        0, 29638, -8832543, -949686, -11760787, -25173, 582965, -78710
2078052563,  1, 5,    10882,        0, 29639, -8826697, -963362, -11782276, -24926, 583121, -78405
2078052580,  1, 5,    10882,        0, 29640, -8825910, -970796, -11782431, -25147, 582825, -78297
2078052597,  1, 5,    10882,        0, 29641, -8838926, -945822, -11771101, -25315, 583107, -78618
2078052613,  1, 5,    10882,        0, 29642, -8822730, -946182, -11791279, -25634, 583186, -78643
2078052630,  1, 5,    10882,        0, 29643, -8801450, -967112, -11813055, -25594, 582945, -78226
2078052647,  1, 5,    10882,        0, 29644, -8829214, -967471, -11802141, -25952, 583321, -78236
2078052664,  1, 5,    10882,        0, 29645, -8833517, -952200, -11834353, -24841, 583379, -78130
2078052681,  1, 5,    10882,        0, 29646, -8831530, -951993, -11802131, -25342, 583635, -78441
2078052697,  1, 5,    10882,        0, 29647, -8810182, -956153, -11823541, -25185, 583399, -78235
2078052714,  1, 5,    10882,        0, 29648, -8834010, -976125, -11800593, -25192, 583065, -79069
2078052731,  1, 5,    10882,        0, 29649, -8826586, -980533, -11790873, -25216, 583203, -78850
2078052748,  1, 5,    10882,        0, 29650, -8845329, -949460, -11761224, -25513, 583052, -78400
2078052765,  1, 5,    10882,        0, 29651, -8840536, -955428, -11791986, -25046, 583315, -78527
2078052781,  1, 5,    10882,        0, 29652, -8817499, -940377, -11782279, -25094, 582490, -78500
2078052798,  1, 5,    10882,        0, 29653, -8816050, -958026, -11792367, -25546, 582854, -78314
2078052815,  1, 5,    10882,        0, 29654, -8811209, -954728, -11802572, -25018, 582924, -78525
2078052832,  1, 5,    10882,        0, 29655, -8831863, -968489, -11811924, -25461, 583440, -78556
2078052848,  1, 5,    10882,        0, 29656, -8826709, -956198, -11792144, -24871, 583508, -78526
2078052865,  1, 5,    10882,        0, 29657, -8818447, -968244, -11823602, -25113, 583166, -78230
2078052882,  1, 5,    10882,        0, 29658, -8810469, -971429, -11823284, -25300, 582820, -78333
2078052899,  1, 5,    10882,        0, 29659, -8824042, -963768, -11823566, -25419, 583204, -78131
2078052916,  1, 5,    10882,        0, 29660, -8825400, -962748, -11791377, -25257, 582916, -78737
2078052932,  1, 5,    10882,        0, 29661, -8841358, -972469, -11813026, -24998, 583226, -78329
2078052949,  1, 5,    10882,        0, 29662, -8808275, -954526, -11814059, -25508, 583002, -77905
2078052966,  1, 5,    10882,        0, 29663, -8824750, -946729, -11813177, -25135, 583119, -78327
2078052983,  1, 5,    10882,        0, 29664, -8832227, -958208, -11802887, -25227, 582781, -78315
2078053000,  1, 5,    10882,        0, 29665, -8824883, -972221, -11803401, -25314, 583300, -78007
2078053016,  1, 5,    10882,        0, 29666, -8824360, -963292, -11791972, -25422, 583196, -78426
2078053033,  1, 5,    10882,        0, 29667, -8832208, -958751, -11833586, -25227, 582787, -78340
2078053050,  1, 5,    10882,        0, 29668, -8810138, -971024, -11834504, -25295, 582632, -78017
2078053067,  1, 5,    10882,        0, 29669, -8824362, -979383, -11812985, -25536, 582813, -78225
2078053083,  1, 5,    10882,        0, 29670, -8825558, -954843, -11803336, -25028, 583026, -78208
2078053100,  1, 5,    10882,        0, 29671, -8826631, -954638, -11792417, -24865, 582935, -78514
2078053117,  1, 5,    10882,        0, 29672, -8833537, -959703, -11814161, -24898, 583181, -78004
2078053134,  1, 5,    10882,        0, 29673, -8817560, -950525, -11823210, -25157, 582877, -78437
2078053151,  1, 5,    10882,        0, 29674, -8831830, -968150, -11822248, -25459, 583251, -78561
2078053167,  1, 5,    10882,        0, 29675, -8824346, -962410, -11771597, -25420, 583001, -78405
2078053184,  1, 5,    10882,        0, 29676, -8802191, -958457, -11802849, -25369, 582858, -78317
2078053201,  1, 5,    10882,        0, 29677, -8818348, -951136, -11833561, -24993, 582982, -78444
2078053218,  1, 5,    10882,        0, 29678, -8824692, -971742, -11791259, -25484, 583192, -78641
2078053235,  1, 5,    10882,        0, 29679, -8840557, -970977, -11782300, -25160, 582926, -78301
2078053251,  1, 5,    10882,        0, 29680, -8840871, -988015, -11822792, -25279, 582736, -78441
2078053268,  1, 5,    10882,        0, 29681, -8818746, -968310, -11822707, -25116, 583165, -78550
2078053285,  1, 5,    10882,        0, 29682, -8817420, -949842, -11770046, -25329, 582952, -79041
2078053302,  1, 5,    10882,        0, 29683, -8823167, -938885, -11833042, -25408, 583301, -78460
2078053319,  1, 5,    10882,        0, 29684, -8826671, -957283, -11853541, -24871, 583520, -78577
2078053335,  1, 5,    10882,        0, 29685, -8808858, -945731, -11781387, -25455, 582995, -78625
2078053352,  1, 5,    10882,        0, 29686, -8831829, -960104, -11811742, -25402, 583442, -78661
2078053369,  1, 5,    10882,        0, 29687, -8826314, -963160, -11834518, -24919, 582751, -78119
2078053386,  1, 5,    10882,        0, 29688, -8819458, -941801, -11750739, -24773, 583070, -78800
2078053402,  1, 5,    10882,        0, 29689, -8811718, -954731, -11783120, -24851, 583024, -78186
2078053419,  1, 5,    10882,        0, 29690, -8832226, -950163, -11792381, -25170, 582972, -78415
2078053436,  1, 5,    10882,        0, 29691, -8833430, -959360, -11750672, -25072, 583445, -78603
2078053453,  1, 5,    10882,        0, 29692, -8825228, -962483, -11825062, -25080, 582647, -77791
2078053470,  1, 5,    10882,        0, 29693, -8839650, -953800, -11812607, -25204, 582643, -78534
2078053486,  1, 5,    10882,        0, 29694, -8840061, -963810, -11811620, -25272, 583212, -78761
2078053503,  1, 5,    10882,        0, 29695, -8840219, -963950, -11834086, -25100, 583131, -78132
